bias,error-frac,errors,expressed-tpms,log-tpm-rho,median-percent-error,noise_perc,paired_end,quant_method,read_depth,read_length,sensitivity,specificity,stranded
True,0.82212,True,10462,0.96618,-4.46718,0,False,Cufflinks,10,50,0.94246,0.96354,False
True,0.84855,True,10545,0.90334,0.32980,10,False,Cufflinks,10,50,0.96804,0.67018,False
True,0.83905,True,10488,0.96715,-4.06144,0,False,Cufflinks,10,75,0.92830,0.97263,False
True,0.85160,True,10512,0.89886,0.82714,10,False,Cufflinks,10,75,0.95957,0.69439,False
True,0.83642,True,10539,0.96377,-4.15495,0,False,Cufflinks,10,100,0.92324,0.97431,False
True,0.85779,True,10674,0.89959,0.85846,10,False,Cufflinks,10,100,0.95550,0.69194,False
True,0.92086,True,10462,0.98144,-37.26227,0,False,Salmon,10,50,0.94332,0.94061,False
True,0.93229,True,10545,0.88692,-32.24182,10,False,Salmon,10,50,0.98122,0.47096,False
True,0.92801,True,10488,0.98137,-39.24637,0,False,Salmon,10,75,0.93030,0.96065,False
True,0.93988,True,10512,0.88193,-35.52280,10,False,Salmon,10,75,0.97803,0.47733,False
True,0.89582,True,10539,0.97950,-32.85360,0,False,Salmon,10,100,0.92789,0.96044,False
True,0.92983,True,10674,0.87365,-28.45214,10,False,Salmon,10,100,0.97527,0.47027,False
True,0.76066,True,10462,0.98752,-3.01696,0,False,RSEM,10,50,0.95058,0.95884,False
True,0.80569,True,10545,0.90151,-2.82857,10,False,RSEM,10,50,0.98596,0.45170,False
True,0.78127,True,10488,0.98568,-4.88950,0,False,RSEM,10,75,0.93602,0.96921,False
True,0.80936,True,10512,0.90221,-1.71351,10,False,RSEM,10,75,0.98050,0.48312,False
True,0.78100,True,10539,0.98456,-17.59873,0,False,RSEM,10,100,0.93007,0.96700,False
True,0.84954,True,10674,0.90417,-8.85031,10,False,RSEM,10,100,0.97648,0.50256,False
True,0.70856,True,10462,0.98607,-5.85314,0,False,Kallisto,10,50,0.94896,0.92323,False
True,0.82902,True,10545,0.90069,-3.64501,10,False,Kallisto,10,50,0.98464,0.44987,False
True,0.71501,True,10488,0.98592,-4.72896,0,False,Kallisto,10,75,0.93659,0.94462,False
True,0.83134,True,10512,0.89561,-1.76528,10,False,Kallisto,10,75,0.98078,0.46114,False
True,0.72834,True,10539,0.98422,-6.00139,0,False,Kallisto,10,100,0.93092,0.94915,False
True,0.85807,True,10674,0.88627,-3.36044,10,False,Kallisto,10,100,0.97705,0.45347,False
True,0.84812,True,10462,0.97726,-21.42876,0,False,Express,10,50,0.90833,0.95501,False
True,0.89749,True,10545,0.86601,-7.02197,10,False,Express,10,50,0.98198,0.34789,False
True,0.80559,True,10488,0.98027,-15.78657,0,False,Express,10,75,0.89788,0.96514,False
True,0.89755,True,10512,0.85706,-6.69213,10,False,Express,10,75,0.97631,0.37464,False
True,0.80207,True,10539,0.97854,-15.41866,0,False,Express,10,100,0.89335,0.95786,False
True,0.89451,True,10674,0.85559,-5.61324,10,False,Express,10,100,0.97536,0.37537,False
True,0.77805,True,10462,0.98713,-12.20104,0,False,Sailfish,10,50,0.94934,0.94434,False
True,0.86980,True,10545,0.89018,-7.56118,10,False,Sailfish,10,50,0.98464,0.45837,False
True,0.76325,True,10488,0.98596,-10.06694,0,False,Sailfish,10,75,0.93678,0.95659,False
True,0.86929,True,10512,0.88459,-5.95174,10,False,Sailfish,10,75,0.98097,0.46575,False
True,0.77218,True,10539,0.98542,-9.50928,0,False,Sailfish,10,100,0.93273,0.95958,False
True,0.87249,True,10674,0.87713,-5.78696,10,False,Sailfish,10,100,0.97723,0.45729,False
True,0.72648,True,10471,0.97115,-5.85332,0,False,Cufflinks,10,50,0.94041,0.97012,True
True,0.81186,True,10503,0.89722,-3.56273,10,False,Cufflinks,10,50,0.96772,0.67927,True
True,0.90983,True,10458,0.90950,-19.44669,0,False,Cufflinks,10,75,0.91662,0.97591,True
True,0.80947,True,10560,0.90471,-2.35311,10,False,Cufflinks,10,75,0.96089,0.69852,True
True,0.74391,True,10633,0.97456,-5.00652,0,False,Cufflinks,10,100,0.91752,0.97546,True
True,0.81055,True,10557,0.92013,-2.41908,10,False,Cufflinks,10,100,0.95453,0.70465,True
True,0.92283,True,10471,0.97854,-37.89572,0,False,Salmon,10,50,0.94012,0.94888,True
True,0.93697,True,10503,0.87726,-32.04835,10,False,Salmon,10,50,0.98153,0.46230,True
True,0.88325,True,10458,0.97918,-30.06739,0,False,Salmon,10,75,0.93402,0.95918,True
True,0.93078,True,10560,0.87723,-27.37390,10,False,Salmon,10,75,0.98106,0.46999,True
True,0.86777,True,10633,0.97786,-27.53734,0,False,Salmon,10,100,0.92335,0.96677,True
True,0.92422,True,10557,0.88357,-24.52908,10,False,Salmon,10,100,0.97774,0.46327,True
True,0.76583,True,10471,0.98718,-1.89157,0,False,RSEM,10,50,0.94948,0.95945,True
True,0.80672,True,10503,0.89256,-1.17817,10,False,RSEM,10,50,0.98543,0.46252,True
True,0.78065,True,10458,0.98576,-4.94587,0,False,RSEM,10,75,0.93613,0.96579,True
True,0.81847,True,10560,0.89710,-2.35595,10,False,RSEM,10,75,0.97973,0.50339,True
True,0.77701,True,10633,0.98390,-9.46261,0,False,RSEM,10,100,0.92119,0.96992,True
True,0.87279,True,10557,0.91088,-14.03585,10,False,RSEM,10,100,0.97376,0.52079,True
True,0.64664,True,10471,0.98308,-3.43414,0,False,Kallisto,10,50,0.94900,0.92529,True
True,0.85452,True,10503,0.88478,-3.67300,10,False,Kallisto,10,50,0.98419,0.44753,True
True,0.69315,True,10458,0.98463,-5.47998,0,False,Kallisto,10,75,0.93727,0.94149,True
True,0.85559,True,10560,0.88309,-2.66588,10,False,Kallisto,10,75,0.98106,0.45491,True
True,0.67949,True,10633,0.98350,-4.50947,0,False,Kallisto,10,100,0.92599,0.95243,True
True,0.85621,True,10557,0.88910,-2.70500,10,False,Kallisto,10,100,0.97850,0.45659,True
True,0.80661,True,10471,0.98338,-18.38612,0,False,Express,10,50,0.91118,0.95827,True
True,0.88337,True,10503,0.87009,-8.46239,10,False,Express,10,50,0.97962,0.38135,True
True,0.80417,True,10458,0.98121,-16.45339,0,False,Express,10,75,0.89625,0.96323,True
True,0.87888,True,10560,0.86634,-6.49985,10,False,Express,10,75,0.97377,0.40771,True
True,0.79968,True,10633,0.97868,-14.81738,0,False,Express,10,100,0.88047,0.96329,True
True,0.88008,True,10557,0.87595,-6.05073,10,False,Express,10,100,0.97158,0.41146,True
True,0.77213,True,10471,0.98604,-11.51331,0,False,Sailfish,10,50,0.94824,0.94525,True
True,0.87546,True,10503,0.88116,-6.76696,10,False,Sailfish,10,50,0.98591,0.44817,True
True,0.75263,True,10458,0.98681,-9.26090,0,False,Sailfish,10,75,0.93919,0.95396,True
True,0.86316,True,10560,0.87885,-3.88189,10,False,Sailfish,10,75,0.98324,0.45717,True
True,0.75708,True,10633,0.98568,-8.09414,0,False,Sailfish,10,100,0.92834,0.95960,True
True,0.86758,True,10557,0.88586,-4.20953,10,False,Sailfish,10,100,0.98020,0.45228,True
True,0.80682,True,10591,0.96904,-4.16247,0,False,Cufflinks,50,50,0.97130,0.96314,False
True,0.83062,True,10491,0.89203,-0.08139,10,False,Cufflinks,50,50,0.97932,0.65283,False
True,0.81698,True,10578,0.97067,-2.52655,0,False,Cufflinks,50,75,0.96691,0.96232,False
True,0.84034,True,10560,0.90372,0.93525,10,False,Cufflinks,50,75,0.97898,0.65058,False
True,0.82473,True,10407,0.97228,-4.08041,0,False,Cufflinks,50,100,0.96695,0.96046,False
True,0.83435,True,10516,0.90502,2.88588,10,False,Cufflinks,50,100,0.97965,0.65834,False
True,0.93136,True,10591,0.98573,-38.39313,0,False,Salmon,50,50,0.96516,0.94897,False
True,0.93938,True,10491,0.86829,-32.30213,10,False,Salmon,50,50,0.98599,0.45455,False
True,0.92995,True,10578,0.98636,-38.10942,0,False,Salmon,50,75,0.96341,0.94894,False
True,0.93134,True,10560,0.88515,-28.51137,10,False,Salmon,50,75,0.98598,0.44359,False
True,0.86903,True,10407,0.98773,-28.10299,0,False,Salmon,50,100,0.96916,0.95029,False
True,0.93600,True,10516,0.87950,-29.88864,10,False,Salmon,50,100,0.98849,0.44418,False
True,0.73496,True,10591,0.99101,-2.15657,0,False,RSEM,50,50,0.97809,0.96130,False
True,0.79430,True,10491,0.88806,-0.10246,10,False,RSEM,50,50,0.99133,0.43487,False
True,0.73918,True,10578,0.98956,-4.00171,0,False,RSEM,50,75,0.97570,0.96070,False
True,0.80795,True,10560,0.90609,-4.70402,10,False,RSEM,50,75,0.99025,0.44790,False
True,0.75497,True,10407,0.98985,-16.50046,0,False,RSEM,50,100,0.97415,0.95866,False
True,0.85004,True,10516,0.91026,-12.12515,10,False,RSEM,50,100,0.99011,0.47196,False
True,0.67661,True,10591,0.99132,-7.19893,0,False,Kallisto,50,50,0.98197,0.91654,False
True,0.84425,True,10491,0.88602,-3.96253,10,False,Kallisto,50,50,0.99190,0.42631,False
True,0.67083,True,10578,0.98927,-6.03478,0,False,Kallisto,50,75,0.97608,0.93199,False
True,0.83816,True,10560,0.89806,-3.42081,10,False,Kallisto,50,75,0.99157,0.41644,False
True,0.67435,True,10407,0.99156,-5.98452,0,False,Kallisto,50,100,0.97377,0.93640,False
True,0.83549,True,10516,0.89258,-2.66482,10,False,Kallisto,50,100,0.99163,0.41791,False
True,0.82202,True,10591,0.98263,-19.67056,0,False,Express,50,50,0.95147,0.95124,False
True,0.90039,True,10491,0.85121,-6.13750,10,False,Express,50,50,0.99037,0.30503,False
True,0.81660,True,10578,0.98202,-16.57575,0,False,Express,50,75,0.94385,0.95110,False
True,0.88731,True,10560,0.86790,-2.51887,10,False,Express,50,75,0.99015,0.30514,False
True,0.80888,True,10407,0.98334,-13.92768,0,False,Express,50,100,0.93879,0.94817,False
True,0.88246,True,10516,0.86292,0.38690,10,False,Express,50,100,0.98973,0.30938,False
True,0.73647,True,10591,0.98996,-11.12039,0,False,Sailfish,50,50,0.97876,0.94076,False
True,0.87065,True,10491,0.87222,-6.90912,10,False,Sailfish,50,50,0.98980,0.43829,False
True,0.73142,True,10578,0.99028,-10.32978,0,False,Sailfish,50,75,0.97665,0.94667,False
True,0.86714,True,10560,0.88783,-6.87063,10,False,Sailfish,50,75,0.98996,0.42851,False
True,0.73201,True,10407,0.99138,-8.71517,0,False,Sailfish,50,100,0.97665,0.94541,False
True,0.86725,True,10516,0.88277,-6.10948,10,False,Sailfish,50,100,0.99125,0.42552,False
True,0.66717,True,10546,0.97561,-1.91641,0,False,Cufflinks,50,50,0.97430,0.96643,True
True,0.81734,True,10659,0.89359,-1.60205,10,False,Cufflinks,50,50,0.97927,0.66511,True
True,0.81670,True,10524,0.96944,-1.08810,0,False,Cufflinks,50,75,0.96646,0.96522,True
True,0.82451,True,10582,0.90047,0.29912,10,False,Cufflinks,50,75,0.97959,0.67642,True
True,0.66917,True,10537,0.98087,-4.20630,0,False,Cufflinks,50,100,0.96697,0.96593,True
True,0.85231,True,10610,0.90221,0.31005,10,False,Cufflinks,50,100,0.97757,0.67945,True
True,0.89332,True,10546,0.98401,-32.40080,0,False,Salmon,50,50,0.96795,0.94728,True
True,0.93930,True,10659,0.87502,-36.02633,10,False,Salmon,50,50,0.98527,0.45676,True
True,0.90897,True,10524,0.98805,-34.75084,0,False,Salmon,50,75,0.96522,0.94859,True
True,0.93574,True,10582,0.88237,-30.44333,10,False,Salmon,50,75,0.98743,0.45016,True
True,0.85167,True,10537,0.98631,-25.54094,0,False,Salmon,50,100,0.96925,0.95572,True
True,0.94006,True,10610,0.88347,-32.63719,10,False,Salmon,50,100,0.98652,0.45174,True
True,0.73137,True,10546,0.99150,-1.92153,0,False,RSEM,50,50,0.98009,0.96181,True
True,0.80814,True,10659,0.88937,-2.50166,10,False,RSEM,50,50,0.99193,0.45491,True
True,0.73233,True,10524,0.99104,-5.85475,0,False,RSEM,50,75,0.97339,0.95750,True
True,0.78652,True,10582,0.90049,-1.77435,10,False,RSEM,50,75,0.99235,0.47543,True
True,0.74177,True,10537,0.98974,-6.02196,0,False,RSEM,50,100,0.97314,0.95798,True
True,0.81074,True,10610,0.90995,-6.06425,10,False,RSEM,50,100,0.98869,0.49063,True
True,0.55547,True,10546,0.99008,-3.59434,0,False,Kallisto,50,50,0.98312,0.91146,True
True,0.86706,True,10659,0.88266,-4.73030,10,False,Kallisto,50,50,0.99306,0.42932,True
True,0.57868,True,10524,0.98979,-3.70574,0,False,Kallisto,50,75,0.97567,0.92991,True
True,0.85702,True,10582,0.88861,-5.05136,10,False,Kallisto,50,75,0.99168,0.42316,True
True,0.58119,True,10537,0.99105,-4.16933,0,False,Kallisto,50,100,0.97390,0.94024,True
True,0.85702,True,10610,0.89108,-4.72628,10,False,Kallisto,50,100,0.98982,0.42422,True
True,0.76683,True,10546,0.99062,-14.82786,0,False,Express,50,50,0.94908,0.94653,True
True,0.88564,True,10659,0.86979,-7.16989,10,False,Express,50,50,0.99127,0.35178,True
True,0.76416,True,10524,0.99045,-13.38280,0,False,Express,50,75,0.94660,0.94709,True
True,0.87224,True,10582,0.87377,-5.76338,10,False,Express,50,75,0.99027,0.35749,True
True,0.74870,True,10537,0.98922,-12.23021,0,False,Express,50,100,0.94069,0.94873,True
True,0.86730,True,10610,0.88044,-4.58160,10,False,Express,50,100,0.98709,0.36150,True
True,0.72852,True,10546,0.99040,-9.15679,0,False,Sailfish,50,50,0.98066,0.93556,True
True,0.88010,True,10659,0.87859,-7.78528,10,False,Sailfish,50,50,0.99156,0.43662,True
True,0.72415,True,10524,0.99213,-9.54146,0,False,Sailfish,50,75,0.97472,0.93753,True
True,0.86430,True,10582,0.88320,-6.78290,10,False,Sailfish,50,75,0.99225,0.42974,True
True,0.70789,True,10537,0.99149,-7.88282,0,False,Sailfish,50,100,0.97646,0.94733,True
True,0.86720,True,10610,0.88404,-7.05511,10,False,Sailfish,50,100,0.99020,0.42801,True
True,0.79430,True,10520,0.96871,-1.89250,0,False,Cufflinks,30,50,0.96816,0.95762,False
True,0.84313,True,10518,0.89259,0.68099,10,False,Cufflinks,30,50,0.97946,0.65601,False
True,0.83311,True,10546,0.97039,-3.89168,0,False,Cufflinks,30,75,0.96122,0.96439,False
True,0.83741,True,10542,0.89935,3.86463,10,False,Cufflinks,30,75,0.97951,0.65394,False
True,0.82044,True,10442,0.97303,-2.17256,0,False,Cufflinks,30,100,0.95748,0.96244,False
True,0.85010,True,10594,0.90629,2.44119,10,False,Cufflinks,30,100,0.97338,0.66324,False
True,0.93099,True,10520,0.98409,-37.71849,0,False,Salmon,30,50,0.96692,0.93327,False
True,0.94552,True,10518,0.87506,-36.30473,10,False,Salmon,30,50,0.98574,0.46444,False
True,0.86630,True,10546,0.98651,-27.83492,0,False,Salmon,30,75,0.96605,0.94761,False
True,0.93303,True,10542,0.87928,-28.43554,10,False,Salmon,30,75,0.98795,0.44489,False
True,0.86947,True,10442,0.98583,-27.31562,0,False,Salmon,30,100,0.96074,0.95170,False
True,0.93676,True,10594,0.87629,-30.71942,10,False,Salmon,30,100,0.98480,0.44804,False
True,0.75428,True,10520,0.98982,-2.31747,0,False,RSEM,30,50,0.97633,0.94936,False
True,0.79141,True,10518,0.89419,-0.52289,10,False,RSEM,30,50,0.99211,0.44331,False
True,0.74881,True,10546,0.99031,-1.38942,0,False,RSEM,30,75,0.97203,0.96159,False
True,0.78135,True,10542,0.90136,0.50978,10,False,RSEM,30,75,0.99127,0.45231,False
True,0.78797,True,10442,0.98885,-21.02626,0,False,RSEM,30,100,0.96275,0.95978,False
True,0.89437,True,10594,0.90634,-18.53924,10,False,RSEM,30,100,0.98650,0.47659,False
True,0.67776,True,10520,0.98911,-5.15699,0,False,Kallisto,30,50,0.97738,0.91063,False
True,0.84389,True,10518,0.89207,-4.30668,10,False,Kallisto,30,50,0.99144,0.43452,False
True,0.67571,True,10546,0.99057,-4.11286,0,False,Kallisto,30,75,0.96909,0.92878,False
True,0.83286,True,10542,0.89308,-1.08742,10,False,Kallisto,30,75,0.99089,0.42370,False
True,0.68847,True,10442,0.98855,-4.88313,0,False,Kallisto,30,100,0.96342,0.93978,False
True,0.83708,True,10594,0.88933,-3.04783,10,False,Kallisto,30,100,0.98839,0.42349,False
True,0.83726,True,10520,0.97938,-18.30987,0,False,Express,30,50,0.94344,0.94754,False
True,0.88848,True,10518,0.85717,-5.16294,10,False,Express,30,50,0.98907,0.31417,False
True,0.81927,True,10546,0.98304,-16.22431,0,False,Express,30,75,0.93410,0.95417,False
True,0.88968,True,10542,0.85658,-1.25220,10,False,Express,30,75,0.98976,0.31240,False
True,0.82695,True,10442,0.98103,-15.97427,0,False,Express,30,100,0.92636,0.94893,False
True,0.88295,True,10594,0.85891,-1.90534,10,False,Express,30,100,0.98584,0.32237,False
True,0.74316,True,10520,0.98850,-9.99586,0,False,Sailfish,30,50,0.97548,0.92908,False
True,0.87973,True,10518,0.87939,-8.56163,10,False,Sailfish,30,50,0.98973,0.44535,False
True,0.72843,True,10546,0.99074,-7.13910,0,False,Sailfish,30,75,0.97203,0.94771,False
True,0.85866,True,10542,0.88177,-3.99172,10,False,Sailfish,30,75,0.99080,0.42876,False
True,0.73836,True,10442,0.99034,-7.62062,0,False,Sailfish,30,100,0.96581,0.94882,False
True,0.86700,True,10594,0.87902,-5.87392,10,False,Sailfish,30,100,0.98848,0.43084,False
True,0.68209,True,10522,0.97502,-1.86121,0,False,Cufflinks,30,50,0.96940,0.96609,True
True,0.80276,True,10510,0.90664,-4.17641,10,False,Cufflinks,30,50,0.97973,0.67474,True
True,0.77090,True,10524,0.97391,-3.57889,0,False,Cufflinks,30,75,0.96256,0.96769,True
True,0.81271,True,10556,0.90824,0.58268,10,False,Cufflinks,30,75,0.97954,0.67205,True
True,0.86675,True,10559,0.95795,-9.74792,0,False,Cufflinks,30,100,0.95435,0.97113,True
True,0.77255,True,10534,0.92347,-0.36750,10,False,Cufflinks,30,100,0.97361,0.68873,True
True,0.94089,True,10522,0.98272,-39.85428,0,False,Salmon,30,50,0.96531,0.94484,True
True,0.94063,True,10510,0.88278,-32.21296,10,False,Salmon,30,50,0.98696,0.45890,True
True,0.90859,True,10524,0.98521,-33.31317,0,False,Salmon,30,75,0.96361,0.95363,True
True,0.92791,True,10556,0.88118,-27.54750,10,False,Salmon,30,75,0.98636,0.44663,True
True,0.87404,True,10559,0.98656,-29.02201,0,False,Salmon,30,100,0.96098,0.96014,True
True,0.91418,True,10534,0.89252,-23.33679,10,False,Salmon,30,100,0.98443,0.45235,True
True,0.73864,True,10522,0.99019,-3.31605,0,False,RSEM,30,50,0.97700,0.95901,True
True,0.79363,True,10510,0.89680,0.46536,10,False,RSEM,30,50,0.99096,0.45654,True
True,0.74344,True,10524,0.99033,-4.86212,0,False,RSEM,30,75,0.97016,0.95524,True
True,0.79793,True,10556,0.89991,-3.27026,10,False,RSEM,30,75,0.98986,0.47011,True
True,0.74865,True,10559,0.98889,-11.56494,0,False,RSEM,30,100,0.96392,0.96315,True
True,0.82799,True,10534,0.91750,-9.06036,10,False,RSEM,30,100,0.98538,0.50059,True
True,0.58658,True,10522,0.98814,-4.27937,0,False,Kallisto,30,50,0.97805,0.91705,True
True,0.85709,True,10510,0.89015,-3.62527,10,False,Kallisto,30,50,0.99144,0.42825,True
True,0.59920,True,10524,0.98920,-4.39920,0,False,Kallisto,30,75,0.97045,0.93464,True
True,0.84701,True,10556,0.89026,-4.11153,10,False,Kallisto,30,75,0.99015,0.42822,True
True,0.63756,True,10559,0.98902,-5.80785,0,False,Kallisto,30,100,0.96477,0.94333,True
True,0.84213,True,10534,0.89869,-4.23914,10,False,Kallisto,30,100,0.98842,0.43301,True
True,0.78141,True,10522,0.98859,-16.34631,0,False,Express,30,50,0.94459,0.95075,True
True,0.88449,True,10510,0.87739,-7.19668,10,False,Express,30,50,0.98716,0.35955,True
True,0.75893,True,10524,0.98896,-13.86250,0,False,Express,30,75,0.93624,0.94859,True
True,0.87135,True,10556,0.87319,-5.36726,10,False,Express,30,75,0.98503,0.36586,True
True,0.76759,True,10559,0.98721,-13.74445,0,False,Express,30,100,0.92812,0.95572,True
True,0.86520,True,10534,0.88482,-4.29315,10,False,Express,30,100,0.98272,0.37982,True
True,0.75033,True,10522,0.98918,-11.07020,0,False,Sailfish,30,50,0.97700,0.93959,True
True,0.86955,True,10510,0.88661,-5.45929,10,False,Sailfish,30,50,0.99144,0.43832,True
True,0.73024,True,10524,0.99087,-8.60526,0,False,Sailfish,30,75,0.97140,0.94655,True
True,0.85269,True,10556,0.88383,-5.76410,10,False,Sailfish,30,75,0.98958,0.43080,True
True,0.72725,True,10559,0.99104,-8.53749,0,False,Sailfish,30,100,0.96894,0.95551,True
True,0.84878,True,10534,0.89488,-3.82156,10,False,Sailfish,30,100,0.98766,0.43580,True
True,0.73729,True,10487,0.97628,-4.18107,0,True,Cufflinks,10,50,0.92038,0.97124,False
True,0.77855,True,10508,0.92664,-0.10742,10,True,Cufflinks,10,50,0.95622,0.69806,False
True,0.70938,True,10481,0.97408,-3.43261,0,True,Cufflinks,10,75,0.90478,0.97457,False
True,0.77873,True,10530,0.92483,-0.65554,10,True,Cufflinks,10,75,0.94236,0.71399,False
True,0.74613,True,10474,0.97379,-3.91555,0,True,Cufflinks,10,100,0.88304,0.97769,False
True,0.78527,True,10483,0.92846,-0.62704,10,True,Cufflinks,10,100,0.93342,0.73028,False
True,0.80414,True,10487,0.98110,-12.38217,0,True,Salmon,10,50,0.92791,0.96055,False
True,0.89237,True,10508,0.85883,-4.84348,10,True,Salmon,10,50,0.97992,0.43791,False
True,0.80469,True,10481,0.97655,-12.49471,0,True,Salmon,10,75,0.91528,0.96549,False
True,0.88718,True,10530,0.86479,-5.04107,10,True,Salmon,10,75,0.97341,0.45097,False
True,0.82452,True,10474,0.97368,-13.04180,0,True,Salmon,10,100,0.89584,0.96691,False
True,0.88467,True,10483,0.87422,-6.78659,10,True,Salmon,10,100,0.96690,0.47873,False
True,0.80700,True,10487,0.98339,-17.08475,0,True,RSEM,10,50,0.92743,0.93682,False
True,0.85221,True,10508,0.91405,-10.44963,10,True,RSEM,10,50,0.97126,0.53488,False
True,0.79992,True,10481,0.97953,-8.74611,0,True,RSEM,10,75,0.91508,0.92628,False
True,0.83514,True,10530,0.91827,-4.65802,10,True,RSEM,10,75,0.96059,0.56621,False
True,0.81010,True,10474,0.97671,-11.64085,0,True,RSEM,10,100,0.88810,0.94064,False
True,0.82505,True,10483,0.92625,-5.10337,10,True,RSEM,10,100,0.94687,0.60601,False
True,0.73710,True,10487,0.98837,-8.61432,0,True,Kallisto,10,50,0.92848,0.96857,False
True,0.88371,True,10508,0.86092,-6.19429,10,True,Kallisto,10,50,0.97982,0.44327,False
True,0.73791,True,10481,0.98606,-7.94689,0,True,Kallisto,10,75,0.91413,0.97436,False
True,0.86971,True,10530,0.86765,-5.82232,10,True,Kallisto,10,75,0.97341,0.45323,False
True,0.76179,True,10474,0.98370,-8.37879,0,True,Kallisto,10,100,0.89488,0.97662,False
True,0.87256,True,10483,0.87674,-7.39930,10,True,Kallisto,10,100,0.96709,0.48162,False
True,0.78697,True,10487,0.97973,-12.69170,0,True,Express,10,50,0.90665,0.90068,False
True,0.83327,True,10508,0.90998,-6.26541,10,True,Express,10,50,0.96355,0.52695,False
True,0.81080,True,10481,0.97509,-12.42767,0,True,Express,10,75,0.90135,0.90224,False
True,0.83210,True,10530,0.90987,-6.56523,10,True,Express,10,75,0.95356,0.54312,False
True,0.78871,True,10474,0.97340,-11.80672,0,True,Express,10,100,0.87903,0.90221,False
True,0.83612,True,10483,0.91536,-7.46281,10,True,Express,10,100,0.94238,0.57363,False
True,0.82931,True,10487,0.98761,-21.02609,0,True,Sailfish,10,50,0.92705,0.96964,False
True,0.92139,True,10508,0.86119,-19.67314,10,True,Sailfish,10,50,0.97906,0.44852,False
True,0.78695,True,10481,0.98535,-15.06099,0,True,Sailfish,10,75,0.91403,0.97350,False
True,0.90722,True,10530,0.86711,-15.43802,10,True,Sailfish,10,75,0.97312,0.45742,False
True,0.83111,True,10474,0.98298,-20.40812,0,True,Sailfish,10,100,0.89460,0.97662,False
True,0.91233,True,10483,0.87634,-18.33184,10,True,Sailfish,10,100,0.96623,0.48782,False
True,0.73416,True,10514,0.97467,-3.18593,0,True,Cufflinks,10,50,0.91754,0.97673,True
True,0.76861,True,10493,0.93342,-1.47037,10,True,Cufflinks,10,50,0.95730,0.72443,True
True,0.73966,True,10513,0.97533,-2.04352,0,True,Cufflinks,10,75,0.90726,0.97963,True
True,0.79989,True,10534,0.92035,-0.15546,10,True,Cufflinks,10,75,0.94105,0.73407,True
True,0.76985,True,10628,0.97082,-3.78072,0,True,Cufflinks,10,100,0.88822,0.98307,True
True,0.79476,True,10568,0.92536,-0.94189,10,True,Cufflinks,10,100,0.93121,0.74798,True
True,0.77630,True,10514,0.97935,-8.69943,0,True,Salmon,10,50,0.92714,0.96258,True
True,0.88002,True,10493,0.87200,-6.03347,10,True,Salmon,10,50,0.98027,0.45454,True
True,0.81518,True,10513,0.97852,-13.99702,0,True,Salmon,10,75,0.91677,0.96945,True
True,0.88618,True,10534,0.86535,-6.70724,10,True,Salmon,10,75,0.97380,0.45686,True
True,0.81201,True,10628,0.97597,-12.55177,0,True,Salmon,10,100,0.90026,0.97069,True
True,0.88389,True,10568,0.87749,-6.10378,10,True,Salmon,10,100,0.96915,0.48010,True
True,0.78400,True,10514,0.98345,-11.35746,0,True,RSEM,10,50,0.92125,0.96655,True
True,0.82474,True,10493,0.92493,-6.73985,10,True,RSEM,10,50,0.97322,0.56536,True
True,0.79977,True,10513,0.98124,-15.28884,0,True,RSEM,10,75,0.91192,0.96913,True
True,0.81849,True,10534,0.92056,-4.32047,10,True,RSEM,10,75,0.96108,0.59052,True
True,0.80203,True,10628,0.97779,-11.55241,0,True,RSEM,10,100,0.89104,0.96776,True
True,0.82702,True,10568,0.92753,-6.23691,10,True,RSEM,10,100,0.94862,0.63097,True
True,0.71657,True,10514,0.98777,-5.14631,0,True,Kallisto,10,50,0.92667,0.96805,True
True,0.86925,True,10493,0.87463,-6.61474,10,True,Kallisto,10,50,0.97989,0.45550,True
True,0.74869,True,10513,0.98666,-10.86798,0,True,Kallisto,10,75,0.91686,0.97459,True
True,0.88058,True,10534,0.86788,-7.60847,10,True,Kallisto,10,75,0.97399,0.45847,True
True,0.74454,True,10628,0.98442,-8.72889,0,True,Kallisto,10,100,0.89942,0.97558,True
True,0.87178,True,10568,0.87929,-7.22134,10,True,Kallisto,10,100,0.96915,0.48204,True
True,0.75984,True,10514,0.98191,-9.54899,0,True,Express,10,50,0.90651,0.94103,True
True,0.81721,True,10493,0.92243,-6.38962,10,True,Express,10,50,0.96512,0.55499,True
True,0.80405,True,10513,0.97841,-12.89944,0,True,Express,10,75,0.90184,0.94125,True
True,0.86045,True,10534,0.90180,-4.27927,10,True,Express,10,75,0.95586,0.57151,True
True,0.84371,True,10628,0.97164,-16.42830,0,True,Express,10,100,0.88361,0.93802,True
True,0.84992,True,10568,0.91176,-4.40458,10,True,Express,10,100,0.94701,0.59118,True
True,0.77601,True,10514,0.98724,-14.82453,0,True,Sailfish,10,50,0.92591,0.96816,True
True,0.90575,True,10493,0.87517,-15.73190,10,True,Sailfish,10,50,0.97989,0.46042,True
True,0.83554,True,10513,0.98602,-22.28484,0,True,Sailfish,10,75,0.91696,0.97481,True
True,0.92330,True,10534,0.86770,-22.19204,10,True,Sailfish,10,75,0.97257,0.46556,True
True,0.80693,True,10628,0.98395,-17.67668,0,True,Sailfish,10,100,0.89970,0.97504,True
True,0.90755,True,10568,0.87924,-17.60130,10,True,Sailfish,10,100,0.96887,0.48711,True
True,0.65809,True,10567,0.97868,-1.76523,0,True,Cufflinks,50,50,0.97028,0.95967,False
True,0.74251,True,10416,0.93593,-2.03930,10,True,Cufflinks,50,50,0.98329,0.66271,False
True,0.69468,True,10592,0.98044,-0.43669,0,True,Cufflinks,50,75,0.96195,0.96259,False
True,0.75067,True,10504,0.93594,0.13597,10,True,Cufflinks,50,75,0.97772,0.67045,False
True,0.68373,True,10488,0.98053,-1.18209,0,True,Cufflinks,50,100,0.95385,0.96322,False
True,0.75521,True,10503,0.92676,-0.91111,10,True,Cufflinks,50,100,0.97410,0.66931,False
True,0.77562,True,10567,0.98790,-12.39435,0,True,Salmon,50,50,0.97558,0.95051,False
True,0.88950,True,10416,0.86600,-6.84265,10,True,Salmon,50,50,0.99213,0.42281,False
True,0.76586,True,10592,0.98798,-11.17825,0,True,Salmon,50,75,0.96847,0.95556,False
True,0.88090,True,10504,0.87759,-7.69631,10,True,Salmon,50,75,0.99010,0.42605,False
True,0.77393,True,10488,0.98554,-10.54628,0,True,Salmon,50,100,0.96014,0.96162,False
True,0.88879,True,10503,0.87365,-7.98640,10,True,Salmon,50,100,0.99010,0.43125,False
True,0.81679,True,10567,0.98826,-21.56237,0,True,RSEM,50,50,0.97076,0.93153,False
True,0.84725,True,10416,0.91924,-11.29379,10,True,RSEM,50,50,0.98934,0.50812,False
True,0.76511,True,10592,0.98660,-9.18291,0,True,RSEM,50,75,0.96818,0.91340,False
True,0.81160,True,10504,0.92674,-3.35835,10,True,RSEM,50,75,0.98648,0.52479,False
True,0.77679,True,10488,0.98584,-6.41090,0,True,RSEM,50,100,0.95833,0.93018,False
True,0.81034,True,10503,0.92881,-3.63448,10,True,RSEM,50,100,0.98353,0.54551,False
True,0.70701,True,10567,0.99272,-9.29670,0,True,Kallisto,50,50,0.97596,0.95978,False
True,0.88556,True,10416,0.86770,-8.01196,10,True,Kallisto,50,50,0.99203,0.42653,False
True,0.69496,True,10592,0.99263,-7.99352,0,True,Kallisto,50,75,0.96875,0.96594,False
True,0.87024,True,10504,0.87948,-7.56385,10,True,Kallisto,50,75,0.99000,0.42615,False
True,0.70347,True,10488,0.99139,-6.95031,0,True,Kallisto,50,100,0.96081,0.96814,False
True,0.87842,True,10503,0.87508,-7.80897,10,True,Kallisto,50,100,0.99000,0.43039,False
True,0.71288,True,10567,0.99001,-9.49540,0,True,Express,50,50,0.95448,0.87697,False
True,0.82517,True,10416,0.91813,-5.39895,10,True,Express,50,50,0.98291,0.48902,False
True,0.71705,True,10592,0.98813,-8.54101,0,True,Express,50,75,0.95213,0.85523,False
True,0.81369,True,10504,0.92294,-5.68376,10,True,Express,50,75,0.98039,0.50220,False
True,0.72130,True,10488,0.98600,-8.67455,0,True,Express,50,100,0.93860,0.85983,False
True,0.82072,True,10503,0.92411,-5.95710,10,True,Express,50,100,0.97648,0.50803,False
True,0.86183,True,10567,0.99215,-26.92347,0,True,Sailfish,50,50,0.97199,0.96280,False
True,0.92665,True,10416,0.86741,-22.92671,10,True,Sailfish,50,50,0.99002,0.43629,False
True,0.81647,True,10592,0.99206,-22.12754,0,True,Sailfish,50,75,0.96648,0.96724,False
True,0.91537,True,10504,0.87876,-19.60698,10,True,Sailfish,50,75,0.98905,0.43429,False
True,0.78709,True,10488,0.99075,-16.86158,0,True,Sailfish,50,100,0.95871,0.96835,False
True,0.92345,True,10503,0.87466,-23.19033,10,True,Sailfish,50,100,0.98896,0.44121,False
True,0.69903,True,10579,0.97923,0.22109,0,True,Cufflinks,50,50,0.96682,0.96394,True
True,0.72833,True,10601,0.93210,-0.56916,10,True,Cufflinks,50,50,0.97915,0.68680,True
True,0.68559,True,10588,0.98164,-2.22919,0,True,Cufflinks,50,75,0.96080,0.96671,True
True,0.81499,True,10486,0.92285,2.82574,10,True,Cufflinks,50,75,0.97892,0.69460,True
True,0.71321,True,10534,0.98081,-1.56766,0,True,Cufflinks,50,100,0.95538,0.96830,True
True,0.71898,True,10437,0.93076,-0.35509,10,True,Cufflinks,50,100,0.97672,0.68886,True
True,0.71150,True,10579,0.98870,-8.93303,0,True,Salmon,50,50,0.97438,0.94990,True
True,0.88473,True,10601,0.86751,-7.80709,10,True,Salmon,50,50,0.99076,0.42955,True
True,0.72393,True,10588,0.98868,-9.00700,0,True,Salmon,50,75,0.96609,0.95872,True
True,0.86830,True,10486,0.87615,-5.48193,10,True,Salmon,50,75,0.99075,0.42565,True
True,0.73932,True,10534,0.98723,-9.21772,0,True,Salmon,50,100,0.96260,0.96186,True
True,0.88148,True,10437,0.87734,-9.36906,10,True,Salmon,50,100,0.98994,0.43333,True
True,0.77815,True,10579,0.98815,-17.50133,0,True,RSEM,50,50,0.96928,0.95886,True
True,0.81068,True,10601,0.92304,-6.59409,10,True,RSEM,50,50,0.98764,0.53290,True
True,0.74084,True,10588,0.98875,-9.60081,0,True,RSEM,50,75,0.96147,0.95774,True
True,0.80345,True,10486,0.92719,-4.63894,10,True,RSEM,50,75,0.98646,0.54987,True
True,0.75365,True,10534,0.98757,-9.25512,0,True,RSEM,50,100,0.95633,0.96121,True
True,0.79601,True,10437,0.93339,-3.24761,10,True,RSEM,50,100,0.98457,0.56763,True
True,0.65999,True,10579,0.99272,-7.09344,0,True,Kallisto,50,50,0.97457,0.95465,True
True,0.87596,True,10601,0.86938,-8.48080,10,True,Kallisto,50,50,0.99085,0.42987,True
True,0.66075,True,10588,0.99358,-6.80656,0,True,Kallisto,50,75,0.96638,0.96239,True
True,0.85991,True,10486,0.87715,-5.69418,10,True,Kallisto,50,75,0.99056,0.42565,True
True,0.67439,True,10534,0.99226,-7.07803,0,True,Kallisto,50,100,0.96326,0.96605,True
True,0.87199,True,10437,0.87866,-9.58573,10,True,Kallisto,50,100,0.99042,0.43205,True
True,0.69931,True,10579,0.98954,-8.54238,0,True,Express,50,50,0.95122,0.92809,True
True,0.80766,True,10601,0.92131,-3.32397,10,True,Express,50,50,0.98208,0.52208,True
True,0.69909,True,10588,0.98999,-8.83614,0,True,Express,50,75,0.94305,0.92370,True
True,0.81213,True,10486,0.92184,-4.16536,10,True,Express,50,75,0.97807,0.52154,True
True,0.71511,True,10534,0.98936,-10.17546,0,True,Express,50,100,0.94038,0.91780,True
True,0.80109,True,10437,0.92716,-4.59978,10,True,Express,50,100,0.97796,0.53073,True
True,0.81539,True,10579,0.99222,-21.36492,0,True,Sailfish,50,50,0.97051,0.95854,True
True,0.91529,True,10601,0.86957,-19.62729,10,True,Sailfish,50,50,0.98962,0.43842,True
True,0.76709,True,10588,0.99327,-17.63004,0,True,Sailfish,50,75,0.96430,0.96390,True
True,0.91865,True,10486,0.87684,-19.51462,10,True,Sailfish,50,75,0.98951,0.43271,True
True,0.77891,True,10534,0.99181,-18.19161,0,True,Sailfish,50,100,0.96136,0.96820,True
True,0.93705,True,10437,0.87833,-29.01759,10,True,Sailfish,50,100,0.98831,0.44672,True
True,0.66402,True,10471,0.97866,-1.25471,0,True,Cufflinks,30,50,0.96419,0.96382,False
True,0.75123,True,10544,0.92623,-0.37000,10,True,Cufflinks,30,50,0.97553,0.67334,False
True,0.73566,True,10547,0.97669,-0.61289,0,True,Cufflinks,30,75,0.94757,0.96600,False
True,0.74976,True,10554,0.93081,-1.48549,10,True,Cufflinks,30,75,0.97053,0.68214,False
True,0.68487,True,10475,0.98147,-1.13356,0,True,Cufflinks,30,100,0.94282,0.96498,False
True,0.75260,True,10481,0.93514,0.64562,10,True,Cufflinks,30,100,0.96384,0.69135,False
True,0.77080,True,10471,0.98463,-10.56517,0,True,Salmon,30,50,0.97039,0.95229,False
True,0.89444,True,10544,0.86288,-6.98207,10,True,Salmon,30,50,0.99080,0.42541,False
True,0.78771,True,10547,0.98471,-12.76520,0,True,Salmon,30,75,0.95506,0.95911,False
True,0.87597,True,10554,0.87605,-5.57344,10,True,Salmon,30,75,0.98759,0.43663,False
True,0.78759,True,10475,0.98204,-11.02935,0,True,Salmon,30,100,0.94797,0.96156,False
True,0.87730,True,10481,0.88571,-5.47351,10,True,Salmon,30,100,0.98521,0.45278,False
True,0.77051,True,10471,0.98650,-14.92316,0,True,RSEM,30,50,0.96753,0.93981,False
True,0.86827,True,10544,0.91740,-15.07829,10,True,RSEM,30,50,0.98549,0.51791,False
True,0.80601,True,10547,0.98565,-18.25131,0,True,RSEM,30,75,0.95127,0.91930,False
True,0.82092,True,10554,0.92696,-5.02616,10,True,RSEM,30,75,0.98077,0.53462,False
True,0.78635,True,10475,0.98477,-10.42779,0,True,RSEM,30,100,0.94348,0.93252,False
True,0.81166,True,10481,0.93486,-4.99511,10,True,RSEM,30,100,0.97538,0.57585,False
True,0.69449,True,10471,0.99148,-7.09059,0,True,Kallisto,30,50,0.97030,0.96190,False
True,0.88704,True,10544,0.86530,-8.09090,10,True,Kallisto,30,50,0.99099,0.42519,False
True,0.73566,True,10547,0.99135,-10.66471,0,True,Kallisto,30,75,0.95515,0.96568,False
True,0.86706,True,10554,0.87791,-6.27504,10,True,Kallisto,30,75,0.98768,0.43814,False
True,0.73041,True,10475,0.99038,-7.81923,0,True,Kallisto,30,100,0.94711,0.96808,False
True,0.85784,True,10481,0.88838,-5.61688,10,True,Kallisto,30,100,0.98588,0.45406,False
True,0.71712,True,10471,0.98841,-10.24990,0,True,Express,30,50,0.94709,0.89338,False
True,0.83384,True,10544,0.91476,-5.74889,10,True,Express,30,50,0.97980,0.50264,False
True,0.72532,True,10547,0.98666,-9.74822,0,True,Express,30,75,0.93439,0.86540,False
True,0.81476,True,10554,0.92373,-5.18432,10,True,Express,30,75,0.97432,0.51190,False
True,0.73699,True,10475,0.98413,-10.19492,0,True,Express,30,100,0.92831,0.87124,False
True,0.80966,True,10481,0.92754,-5.71361,10,True,Express,30,100,0.96708,0.53526,False
True,0.80479,True,10471,0.99070,-19.39521,0,True,Sailfish,30,50,0.96887,0.96243,False
True,0.93295,True,10544,0.86515,-24.50397,10,True,Sailfish,30,50,0.98938,0.43573,False
True,0.88433,True,10547,0.99067,-28.94035,0,True,Sailfish,30,75,0.95221,0.96901,False
True,0.90648,True,10554,0.87745,-16.89532,10,True,Sailfish,30,75,0.98692,0.44395,False
True,0.80792,True,10475,0.98971,-19.07174,0,True,Sailfish,30,100,0.94597,0.96818,False
True,0.90278,True,10481,0.88773,-16.78720,10,True,Sailfish,30,100,0.98464,0.45919,False
True,0.67007,True,10475,0.97870,-2.06572,0,True,Cufflinks,30,50,0.95990,0.96893,True
True,0.75305,True,10484,0.93273,-0.40608,10,True,Cufflinks,30,50,0.97711,0.69232,True
True,0.74113,True,10565,0.97809,-1.74328,0,True,Cufflinks,30,75,0.95154,0.97380,True
True,0.73315,True,10504,0.93192,0.13405,10,True,Cufflinks,30,75,0.97239,0.69134,True
True,0.74116,True,10578,0.97717,-1.82566,0,True,Cufflinks,30,100,0.93713,0.97193,True
True,0.75062,True,10526,0.92622,-1.58613,10,True,Cufflinks,30,100,0.96475,0.69737,True
True,0.72668,True,10475,0.98709,-9.35175,0,True,Salmon,30,50,0.96563,0.95697,True
True,0.89603,True,10484,0.86789,-8.97236,10,True,Salmon,30,50,0.98884,0.43721,True
True,0.75438,True,10565,0.98568,-10.23527,0,True,Salmon,30,75,0.95864,0.96507,True
True,0.87319,True,10504,0.87721,-5.75169,10,True,Salmon,30,75,0.98858,0.42819,True
True,0.75893,True,10578,0.98439,-9.38010,0,True,Salmon,30,100,0.94489,0.96286,True
True,0.88305,True,10526,0.87273,-8.25165,10,True,Salmon,30,100,0.98556,0.43757,True
True,0.75876,True,10475,0.98739,-10.00168,0,True,RSEM,30,50,0.96391,0.96274,True
True,0.85378,True,10484,0.92436,-14.58962,10,True,RSEM,30,50,0.98426,0.53970,True
True,0.80928,True,10565,0.98599,-21.33843,0,True,RSEM,30,75,0.95097,0.96518,True
True,0.79798,True,10504,0.92778,-3.06683,10,True,RSEM,30,75,0.98220,0.55114,True
True,0.77103,True,10578,0.98446,-10.00143,0,True,RSEM,30,100,0.93713,0.96006,True
True,0.80629,True,10526,0.93111,-4.71952,10,True,RSEM,30,100,0.97349,0.57531,True
True,0.65556,True,10475,0.99230,-5.71796,0,True,Kallisto,30,50,0.96601,0.96252,True
True,0.88916,True,10484,0.87058,-9.13439,10,True,Kallisto,30,50,0.98913,0.43978,True
True,0.69673,True,10565,0.99135,-8.28476,0,True,Kallisto,30,75,0.95873,0.96831,True
True,0.86567,True,10504,0.87959,-6.63765,10,True,Kallisto,30,75,0.98867,0.42765,True
True,0.70722,True,10578,0.99010,-7.60710,0,True,Kallisto,30,100,0.94517,0.96621,True
True,0.87460,True,10526,0.87349,-8.77256,10,True,Kallisto,30,100,0.98565,0.44026,True
True,0.68563,True,10475,0.99094,-8.40938,0,True,Express,30,50,0.94558,0.93423,True
True,0.81000,True,10484,0.92237,-4.93346,10,True,Express,30,50,0.97825,0.52292,True
True,0.71046,True,10565,0.98752,-9.97320,0,True,Express,30,75,0.93507,0.92540,True
True,0.81121,True,10504,0.92447,-5.26268,10,True,Express,30,75,0.97353,0.52629,True
True,0.72830,True,10578,0.98542,-10.28484,0,True,Express,30,100,0.92267,0.91601,True
True,0.81788,True,10526,0.92471,-7.27156,10,True,Express,30,100,0.96865,0.53827,True
True,0.72200,True,10475,0.99205,-12.81182,0,True,Sailfish,30,50,0.96506,0.96274,True
True,0.93285,True,10484,0.87053,-25.46558,10,True,Sailfish,30,50,0.98760,0.44843,True
True,0.83975,True,10565,0.99100,-23.33723,0,True,Sailfish,30,75,0.95599,0.97003,True
True,0.89680,True,10504,0.87894,-14.85582,10,True,Sailfish,30,75,0.98810,0.43322,True
True,0.80563,True,10578,0.98977,-19.88299,0,True,Sailfish,30,100,0.94385,0.96783,True
True,0.92191,True,10526,0.87320,-21.96159,10,True,Sailfish,30,100,0.98489,0.44627,True
